"N","CH1","CH2"
1,-28,-28
2,-28,-28
3,-28,-30
4,-28,-30
5,-28,-29
6,-28,-30
7,-27,-29
8,-29,-30
9,-28,-29
10,-28,-29
11,-28,-29
12,-28,-30
13,-28,-30
14,-28,-30
15,-28,-29
16,-28,-29
17,-28,-30
18,-29,-29
19,-28,-29
20,-29,-30
21,-28,-29
22,-28,-30
23,-28,-29
24,-29,-29
25,-28,-30
26,-28,-29
27,-28,-29
28,-28,-29
29,-28,-29
30,-28,-29
31,-28,-29
32,-28,-29
33,-28,-29
34,-28,-29
35,-28,-29
36,-28,-29
37,-28,-29
38,-27,-29
39,-28,-29
40,-28,-28
41,-28,-29
42,-27,-29
43,-28,-29
44,-28,-29
45,-28,-29
46,-28,-28
47,-28,-28
48,-28,-29
49,-28,-29
50,-28,-29
51,-28,-28
52,-28,-28
53,-29,-28
54,-29,-29
55,-28,-29
56,-29,-29
57,-28,-28
58,-28,-29
59,-28,-28
60,-28,-28
61,-28,-28
62,-28,-28
63,-28,-28
64,-28,-28
65,-28,-28
66,-28,-28
67,-28,-27
68,-28,-28
69,-28,-28
70,-28,-27
71,-27,-28
72,-28,-28
73,-27,-27
74,-28,-27
75,-29,-27
76,-28,-27
77,-28,-27
78,-28,-28
79,-28,-27
80,-28,-27
81,-28,-28
82,-28,-28
83,-28,-27
84,-28,-27
85,-28,-28
86,-28,-28
87,-28,-27
88,-28,-28
89,-28,-27
90,-28,-27
91,-28,-28
92,-28,-27
93,-28,-27
94,-28,-27
95,-28,-27
96,-28,-27
97,-28,-28
98,-28,-27
99,-28,-27
100,-28,-27
101,-28,-26
102,-28,-27
103,-27,-26
104,-28,-27
105,-27,-27
106,-28,-26
107,-27,-27
108,-28,-27
109,-28,-26
110,-27,-27
111,-28,-27
112,-28,-26
113,-28,-26
114,-28,-27
115,-28,-26
116,-28,-27
117,-27,-26
118,-28,-26
119,-28,-26
120,-28,-27
121,-27,-28
122,-28,-26
123,-27,-25
124,-29,-27
125,-28,-25
126,-28,-26
127,-27,-27
128,-28,-25
129,-28,-26
130,-28,-26
131,-28,-26
132,-28,-26
133,-28,-26
134,-28,-26
135,-27,-26
136,-28,-26
137,-28,-27
138,-28,-26
139,-28,-25
140,-28,-26
141,-28,-25
142,-27,-27
143,-28,-27
144,-28,-26
145,-28,-26
146,-28,-26
147,-28,-26
148,-28,-26
149,-28,-27
150,-28,-26
151,-27,-26
152,-28,-25
153,-28,-26
154,-27,-27
155,-28,-26
156,-29,-26
157,-28,-27
158,-28,-26
159,-28,-26
160,-27,-26
161,-28,-26
162,-28,-25
163,-28,-26
164,-28,-25
165,-28,-26
166,-27,-26
167,-27,-26
168,-28,-25
169,-27,-26
170,-28,-26
171,-28,-25
172,-28,-26
173,-28,-26
174,-27,-26
175,-28,-26
176,-27,-26
177,-28,-26
178,-28,-25
179,-28,-26
180,-28,-26
181,-28,-26
182,-27,-26
183,-28,-26
184,-27,-26
185,-28,-26
186,-28,-26
187,-27,-26
188,-28,-26
189,-27,-27
190,-28,-26
191,-28,-26
192,-28,-27
193,-28,-27
194,-27,-26
195,-29,-26
196,-28,-27
197,-27,-26
198,-28,-26
199,-27,-26
200,-27,-26
201,-27,-26
202,-28,-26
203,-28,-26
204,-27,-26
205,-28,-26
206,-28,-26
207,-28,-26
208,-27,-26
209,-28,-26
210,-28,-26
211,-27,-26
212,-27,-26
213,-28,-25
214,-28,-26
215,-28,-27
216,-27,-26
217,-28,-26
218,-27,-26
219,-28,-26
220,-27,-26
221,-28,-26
222,-28,-27
223,-27,-26
224,-27,-26
225,-27,-27
226,-27,-27
227,-28,-26
228,-28,-27
229,-28,-27
230,-27,-26
231,-28,-27
232,-27,-26
233,-28,-26
234,-28,-26
235,-28,-27
236,-27,-27
237,-28,-27
238,-27,-27
239,-28,-27
240,-28,-27
241,-27,-27
242,-28,-26
243,-27,-26
244,-28,-28
245,-28,-27
246,-27,-27
247,-27,-27
248,-27,-28
249,-28,-26
250,-28,-27
251,-28,-27
252,-28,-27
253,-27,-27
254,-27,-27
255,-27,-27
256,-27,-27
257,-29,-27
258,-27,-27
259,-28,-26
260,-28,-27
261,-28,-27
262,-28,-27
263,-27,-27
264,-28,-28
265,-28,-27
266,-28,-27
267,-28,-26
268,-27,-26
269,-28,-27
270,-28,-27
271,-27,-27
272,-27,-27
273,-28,-27
274,-27,-27
275,-28,-27
276,-28,-27
277,-27,-28
278,-27,-27
279,-28,-27
280,-27,-28
281,-27,-27
282,-28,-27
283,-28,-28
284,-27,-27
285,-28,-27
286,-28,-28
287,-27,-27
288,-27,-27
289,-28,-27
290,-28,-27
291,-28,-27
292,-27,-27
293,-27,-27
294,-28,-28
295,-27,-26
296,-27,-27
297,-28,-28
298,-27,-28
299,-28,-27
300,-27,-28
301,-28,-28
302,-27,-27
303,-28,-27
304,-27,-27
305,-28,-27
306,-28,-27
307,-27,-27
308,-27,-27
309,-27,-27
310,-27,-28
311,-27,-27
312,-28,-27
313,-28,-28
314,-27,-28
315,-28,-28
316,-28,-28
317,-27,-28
318,-28,-27
319,-28,-28
320,-27,-27
321,-28,-28
322,-27,-28
323,-28,-28
324,-27,-28
325,-28,-28
326,-28,-28
327,-28,-28
328,-28,-28
329,-28,-28
330,-27,-28
331,-27,-28
332,-27,-28
333,-27,-28
334,-28,-27
335,-28,-28
336,-28,-28
337,-27,-27
338,-28,-27
339,-27,-27
340,-28,-27
341,-28,-27
342,-28,-27
343,-28,-27
344,-27,-28
345,-28,-27
346,-28,-28
347,-27,-27
348,-28,-28
349,-28,-28
350,-28,-26
351,-27,-28
352,-28,-28
353,-27,-27
354,-28,-27
355,-28,-28
356,-28,-28
357,-28,-28
358,-27,-28
359,-27,-28
360,-27,-28
361,-27,-27
362,-28,-28
363,-27,-28
364,-28,-27
365,-28,-28
366,-27,-28
367,-28,-28
368,-28,-28
369,-28,-28
370,-28,-27
371,-28,-28
372,-28,-27
373,-27,-28
374,-28,-28
375,-28,-28
376,-28,-27
377,-28,-28
378,-28,-28
379,-28,-28
380,-27,-27
381,-28,-28
382,-28,-28
383,-27,-27
384,-27,-28
385,-28,-28
386,-27,-27
387,-28,-27
388,-28,-28
389,-27,-27
390,-28,-27
391,-27,-28
392,-27,-27
393,-28,-27
394,-27,-28
395,-27,-28
396,-27,-27
397,-28,-28
398,-27,-28
399,-27,-27
400,-28,-28
401,-28,-28
402,-28,-28
403,-27,-27
404,-28,-28
405,-27,-27
406,-27,-27
407,-28,-28
408,-27,-27
409,-27,-28
410,-27,-28
411,-28,-28
412,-27,-28
413,-28,-27
414,-28,-27
415,-28,-28
416,-27,-27
417,-27,-28
418,-28,-27
419,-27,-27
420,-27,-28
421,-27,-27
422,-28,-28
423,-27,-28
424,-27,-28
425,-28,-27
426,-28,-28
427,-28,-28
428,-27,-28
429,-28,-27
430,-28,-27
431,-27,-28
432,-27,-27
433,-28,-27
434,-27,-28
435,-27,-26
436,-28,-28
437,-28,-28
438,-27,-27
439,-27,-27
440,-28,-28
441,-28,-27
442,-27,-27
443,-27,-28
444,-27,-27
445,-27,-27
446,-27,-27
447,-28,-27
448,-27,-27
449,-28,-27
450,-28,-28
451,-27,-27
452,-28,-27
453,-28,-27
454,-27,-27
455,-28,-27
456,-27,-27
457,-27,-27
458,-27,-27
459,-27,-28
460,-27,-27
461,-27,-27
462,-28,-28
463,-28,-28
464,-27,-28
465,-28,-27
466,-27,-27
467,-27,-27
468,-27,-27
469,-27,-27
470,-27,-28
471,-27,-27
472,-28,-27
473,-28,-28
474,-28,-27
475,-27,-27
476,-27,-28
477,-27,-27
478,-28,-26
479,-27,-27
480,-28,-27
481,-27,-27
482,-27,-27
483,-28,-27
484,-28,-26
485,-27,-27
486,-27,-27
487,-27,-26
488,-28,-27
489,-28,-28
490,-28,-26
491,-28,-27
492,-27,-28
493,-28,-27
494,-28,-26
495,-27,-27
496,-27,-27
497,-28,-27
498,-28,-27
499,-28,-28
500,-27,-27
501,-28,-27
502,-28,-27
503,-27,-27
504,-28,-27
505,-27,-27
506,-28,-27
507,-28,-26
508,-27,-27
509,-28,-28
510,-28,-27
511,-27,-27
512,-27,-27
513,-28,-27
514,-28,-27
515,-27,-27
516,-28,-26
517,-27,-26
518,-28,-27
519,-27,-27
520,-28,-26
521,-27,-28
522,-28,-27
523,-27,-27
524,-28,-27
525,-28,-28
526,-28,-27
527,-28,-27
528,-28,-27
529,-28,-27
530,-27,-26
531,-27,-27
532,-27,-27
533,-27,-27
534,-27,-27
535,-28,-27
536,-27,-26
537,-27,-26
538,-27,-27
539,-28,-26
540,-27,-26
541,-27,-27
542,-27,-26
543,-28,-27
544,-28,-27
545,-28,-26
546,-28,-27
547,-27,-27
548,-27,-27
549,-27,-27
550,-27,-26
551,-27,-27
552,-27,-27
553,-28,-26
554,-28,-28
555,-27,-26
556,-27,-27
557,-27,-26
558,-27,-27
559,-27,-27
560,-28,-27
561,-28,-27
562,-27,-26
563,-28,-27
564,-28,-27
565,-28,-27
566,-27,-27
567,-27,-27
568,-27,-27
569,-28,-26
570,-27,-27
571,-27,-27
572,-28,-27
573,-27,-27
574,-27,-28
575,-27,-26
576,-27,-27
577,-27,-27
578,-28,-26
579,-28,-27
580,-27,-27
581,-27,-27
582,-28,-27
583,-27,-26
584,-27,-26
585,-28,-27
586,-27,-27
587,-28,-27
588,-27,-27
589,-27,-27
590,-28,-27
591,-28,-26
592,-27,-27
593,-28,-27
594,-27,-26
595,-27,-27
596,-27,-27
597,-28,-26
598,-27,-27
599,-27,-28
600,-27,-27
601,-27,-27
602,-28,-27
603,-28,-27
604,-27,-26
605,-27,-26
606,-28,-27
607,-27,-27
608,-28,-27
609,-28,-27
610,-27,-27
611,-28,-26
612,-28,-27
613,-27,-27
614,-27,-26
615,-27,-28
616,-27,-27
617,-27,-27
618,-28,-26
619,-28,-27
620,-28,-27
621,-27,-27
622,-27,-27
623,-27,-27
624,-27,-26
625,-28,-27
626,-28,-27
627,-27,-26
628,-28,-27
629,-27,-27
630,-27,-27
631,-27,-27
632,-28,-27
633,-27,-27
634,-28,-27
635,-28,-27
636,-27,-27
637,-28,-27
638,-28,-27
639,-28,-28
640,-27,-27
641,-27,-27
642,-28,-27
643,-28,-26
644,-27,-26
645,-27,-27
646,-27,-27
647,-28,-27
648,-28,-28
649,-28,-27
650,-28,-27
651,-27,-27
652,-27,-27
653,-27,-27
654,-27,-27
655,-27,-26
656,-28,-28
657,-28,-26
658,-27,-27
659,-27,-27
660,-28,-26
661,-27,-27
662,-27,-27
663,-27,-27
664,-28,-27
665,-27,-27
666,-27,-27
667,-27,-27
668,-27,-27
669,-27,-27
670,-28,-26
671,-27,-27
672,-27,-27
673,-28,-27
674,-28,-28
675,-27,-27
676,-27,-26
677,-27,-27
678,-27,-27
679,-28,-27
680,-27,-27
681,-27,-27
682,-27,-27
683,-27,-27
684,-28,-27
685,-27,-27
686,-27,-28
687,-27,-27
688,-27,-27
689,-28,-27
690,-27,-27
691,-27,-27
692,-28,-27
693,-28,-27
694,-27,-28
695,-27,-27
696,-27,-27
697,-28,-28
698,-27,-26
699,-28,-26
700,-27,-27
701,-28,-27
702,-27,-26
703,-27,-28
704,-28,-27
705,-28,-27
706,-28,-27
707,-28,-27
708,-27,-27
709,-28,-27
710,-28,-27
711,-27,-28
712,-28,-27
713,-27,-27
714,-28,-28
715,-27,-27
716,-27,-26
717,-28,-27
718,-27,-26
719,-27,-27
720,-28,-27
721,-28,-27
722,-27,-27
723,-27,-27
724,-27,-27
725,-27,-27
726,-27,-26
727,-28,-27
728,-27,-26
729,-27,-27
730,-27,-27
731,-27,-28
732,-28,-26
733,-28,-28
734,-28,-27
735,-27,-27
736,-27,-27
737,-27,-27
738,-28,-27
739,-27,-27
740,-27,-27
741,-27,-27
742,-27,-27
743,-28,-28
744,-27,-27
745,-27,-26
746,-27,-28
747,-27,-27
748,-28,-27
749,-28,-27
750,-27,-28
751,-28,-27
752,-27,-27
753,-27,-27
754,-27,-27
755,-28,-26
756,-27,-27
757,-27,-27
758,-28,-27
759,-28,-27
760,-27,-27
761,-27,-26
762,-28,-27
763,-27,-27
764,-27,-27
765,-28,-27
766,-27,-27
767,-27,-27
768,-27,-27
769,-27,-27
770,-27,-27
771,-27,-27
772,-28,-27
773,-28,-27
774,-28,-27
775,-28,-27
776,-27,-27
777,-27,-27
778,-27,-27
779,-27,-27
780,-27,-27
781,-27,-26
782,-28,-28
783,-27,-27
784,-27,-27
785,-27,-27
786,-27,-27
787,-27,-26
788,-28,-27
789,-27,-27
790,-27,-27
791,-27,-27
792,-28,-27
793,-27,-27
794,-27,-26
795,-28,-28
796,-27,-27
797,-27,-27
798,-28,-27
799,-28,-27
800,-27,-26
801,-27,-27
802,-27,-27
803,-28,-27
804,-27,-27
805,-28,-27
806,-27,-27
807,-28,-27
808,-27,-28
809,-27,-27
810,-28,-27
811,-27,-27
812,-27,-28
813,-27,-27
814,-28,-27
815,-27,-27
816,-27,-27
817,-27,-27
818,-27,-27
819,-27,-26
820,-28,-27
821,-28,-27
822,-27,-27
823,-27,-27
824,-27,-27
825,-27,-27
826,-27,-27
827,-27,-26
828,-27,-27
829,-27,-27
830,-27,-27
831,-28,-27
832,-28,-28
833,-28,-27
834,-27,-27
835,-28,-27
836,-27,-26
837,-27,-28
838,-27,-27
839,-27,-27
840,-27,-27
841,-27,-27
842,-27,-27
843,-28,-27
844,-27,-27
845,-28,-27
846,-27,-27
847,-28,-27
848,-27,-28
849,-28,-26
850,-28,-27
851,-28,-27
852,-27,-26
853,-27,-27
854,-28,-27
855,-27,-27
856,-28,-27
857,-27,-28
858,-28,-27
859,-28,-26
860,-27,-27
861,-27,-26
862,-27,-27
863,-27,-26
864,-27,-27
865,-27,-27
866,-28,-27
867,-27,-28
868,-28,-27
869,-28,-26
870,-27,-27
871,-28,-27
872,-27,-26
873,-27,-27
874,-27,-27
875,-27,-27
876,-27,-27
877,-27,-27
878,-28,-26
879,-28,-27
880,-27,-27
881,-27,-27
882,-27,-26
883,-27,-27
884,-27,-27
885,-27,-27
886,-27,-28
887,-27,-27
888,-27,-26
889,-28,-27
890,-27,-28
891,-27,-27
892,-27,-27
893,-28,-27
894,-27,-27
895,-27,-26
896,-28,-27
897,-27,-28
898,-27,-27
899,-27,-27
900,-27,-27
901,-27,-26
902,-27,-27
903,-27,-27
904,-27,-27
905,-27,-27
906,-28,-27
907,-27,-27
908,-27,-27
909,-27,-27
910,-27,-27
911,-27,-26
912,-27,-27
913,-27,-27
914,-27,-27
915,-27,-27
916,-27,-27
917,-27,-27
918,-27,-26
919,-27,-28
920,-28,-27
921,-27,-26
922,-27,-27
923,-27,-27
924,-28,-27
925,-28,-27
926,-28,-28
927,-27,-26
928,-28,-26
929,-27,-27
930,-28,-27
931,-27,-26
932,-27,-27
933,-27,-27
934,-28,-26
935,-27,-27
936,-28,-27
937,-27,-26
938,-27,-27
939,-27,-27
940,-27,-26
941,-27,-27
942,-27,-28
943,-27,-26
944,-28,-27
945,-27,-27
946,-28,-27
947,-27,-27
948,-27,-27
949,-27,-27
950,23,-27
951,22,-27
952,22,-27
953,23,-26
954,22,-27
955,23,-28
956,22,-26
957,22,-26
958,23,-27
959,22,-26
960,22,-26
961,22,-27
962,21,-25
963,22,-25
964,21,-25
965,22,-25
966,22,-25
967,21,-24
968,21,-24
969,21,-24
970,21,-23
971,21,-24
972,21,-23
973,21,-22
974,21,-23
975,21,-22
976,21,-22
977,21,-22
978,21,-22
979,21,-21
980,21,-21
981,21,-20
982,21,-20
983,21,-20
984,21,-20
985,21,-19
986,21,-18
987,21,-18
988,21,-17
989,21,-17
990,21,-17
991,21,-17
992,20,-16
993,21,-15
994,21,-15
995,21,-14
996,21,-14
997,20,-13
998,21,-13
999,21,-12
1000,21,-12
1001,21,-12
1002,21,-11
1003,21,-10
1004,21,-10
1005,21,-9
1006,20,-9
1007,21,-8
1008,20,-8
1009,20,-7
1010,20,-7
1011,20,-6
1012,21,-5
1013,21,-5
1014,20,-5
1015,21,-4
1016,21,-3
1017,20,-3
1018,20,-2
1019,20,-2
1020,20,-2
1021,20,-1
1022,20,0
1023,20,1
1024,20,1
1025,20,2
1026,20,2
1027,20,2
1028,20,3
1029,20,4
1030,21,4
1031,20,5
1032,21,6
1033,20,7
1034,20,7
1035,21,8
1036,21,8
1037,20,8
1038,21,10
1039,20,10
1040,21,11
1041,21,12
1042,20,12
1043,20,11
1044,21,13
1045,21,13
1046,20,13
1047,20,14
1048,20,15
1049,21,15
1050,20,16
1051,21,17
1052,20,17
1053,20,17
1054,20,19
1055,20,19
1056,20,19
1057,20,20
1058,21,20
1059,21,21
1060,21,21
1061,20,22
1062,21,22
1063,21,23
1064,21,24
1065,20,24
1066,21,24
1067,21,25
1068,21,25
1069,21,26
1070,21,26
1071,21,27
1072,21,27
1073,21,27
1074,21,28
1075,21,28
1076,21,29
1077,21,30
1078,21,30
1079,21,30
1080,21,31
1081,21,31
1082,21,31
1083,21,32
1084,21,33
1085,21,32
1086,21,33
1087,21,33
1088,21,33
1089,21,33
1090,21,35
1091,21,35
1092,22,35
1093,21,36
1094,21,36
1095,21,35
1096,21,36
1097,21,37
1098,21,37
1099,21,37
1100,21,37
1101,21,38
1102,22,38
1103,22,38
1104,21,39
1105,22,38
1106,21,39
1107,21,39
1108,21,39
1109,21,39
1110,22,40
1111,21,40
1112,22,40
1113,21,41
1114,22,40
1115,22,40
1116,22,41
1117,22,41
1118,22,42
1119,21,41
1120,22,42
1121,23,42
1122,23,42
1123,23,43
1124,22,42
1125,22,42
1126,22,43
1127,23,43
1128,22,43
1129,23,43
1130,22,43
1131,22,42
1132,22,43
1133,22,43
1134,22,43
1135,23,43
1136,23,43
1137,23,43
1138,22,43
1139,22,43
1140,23,44
1141,22,43
1142,22,43
1143,23,44
1144,23,43
1145,23,43
1146,23,44
1147,23,43
1148,23,43
1149,23,44
1150,23,43
1151,23,43
1152,23,43
1153,23,43
1154,23,43
1155,23,43
1156,23,43
1157,23,43
1158,23,43
1159,23,43
1160,23,42
1161,22,43
1162,23,43
1163,23,42
1164,23,42
1165,23,43
1166,23,42
1167,23,42
1168,24,42
1169,23,42
1170,23,42
1171,23,41
1172,23,42
1173,23,42
1174,23,41
1175,23,42
1176,23,42
1177,23,41
1178,23,41
1179,23,40
1180,23,40
1181,23,41
1182,23,40
1183,23,39
1184,23,40
1185,23,39
1186,23,39
1187,23,39
1188,23,39
1189,23,38
1190,23,38
1191,23,38
1192,23,39
1193,23,37
1194,23,38
1195,23,38
1196,24,37
1197,23,37
1198,24,38
1199,23,36
1200,23,36
1201,23,36
1202,23,36
1203,23,36
1204,23,36
1205,23,35
1206,23,35
1207,23,35
1208,23,35
1209,23,35
1210,23,34
1211,23,35
1212,23,34
1213,23,33
1214,24,34
1215,24,33
1216,23,33
1217,24,33
1218,24,33
1219,23,32
1220,23,32
1221,23,32
1222,23,31
1223,24,31
1224,23,31
1225,23,31
1226,23,31
1227,24,31
1228,24,30
1229,23,30
1230,24,30
1231,23,30
1232,23,29
1233,23,29
1234,24,29
1235,23,28
1236,23,29
1237,23,28
1238,24,27
1239,24,28
1240,24,27
1241,23,27
1242,23,26
1243,23,27
1244,23,26
1245,23,26
1246,23,26
1247,23,26
1248,23,25
1249,24,25
1250,23,26
1251,23,25
1252,23,25
1253,23,24
1254,23,24
1255,23,25
1256,23,25
1257,23,23
1258,23,23
1259,23,24
1260,23,23
1261,23,23
1262,23,22
1263,23,23
1264,23,22
1265,23,22
1266,23,23
1267,23,23
1268,23,22
1269,23,22
1270,23,22
1271,23,21
1272,23,22
1273,23,21
1274,23,21
1275,23,20
1276,23,20
1277,23,20
1278,23,20
1279,23,20
1280,23,20
1281,23,20
1282,24,20
1283,23,20
1284,23,19
1285,23,20
1286,23,19
1287,23,19
1288,23,19
1289,23,19
1290,23,19
1291,22,19
1292,22,18
1293,23,18
1294,23,17
1295,23,18
1296,23,18
1297,22,17
1298,23,17
1299,23,18
1300,23,17
1301,23,17
1302,23,17
1303,23,17
1304,22,17
1305,23,17
1306,23,17
1307,23,17
1308,22,17
1309,22,17
1310,23,16
1311,22,16
1312,23,17
1313,23,16
1314,23,17
1315,23,17
1316,23,16
1317,23,15
1318,22,17
1319,23,16
1320,23,16
1321,22,16
1322,22,16
1323,22,15
1324,23,16
1325,23,16
1326,22,16
1327,23,15
1328,23,16
1329,23,16
1330,23,15
1331,23,15
1332,23,16
1333,23,15
1334,23,16
1335,23,16
1336,23,15
1337,23,15
1338,22,16
1339,23,15
1340,22,15
1341,23,15
1342,22,15
1343,23,16
1344,22,16
1345,22,16
1346,23,15
1347,22,15
1348,22,16
1349,22,15
1350,23,15
1351,23,17
1352,22,16
1353,23,15
1354,23,16
1355,22,16
1356,23,15
1357,22,16
1358,21,16
1359,22,16
1360,21,16
1361,23,16
1362,23,16
1363,22,16
1364,22,17
1365,22,17
1366,21,16
1367,23,17
1368,22,17
1369,21,16
1370,23,17
1371,23,17
1372,22,16
1373,22,17
1374,22,17
1375,22,16
1376,22,17
1377,23,17
1378,21,17
1379,22,17
1380,22,17
1381,22,18
1382,22,18
1383,22,18
1384,22,18
1385,22,17
1386,22,18
1387,22,18
1388,22,17
1389,22,18
1390,22,18
1391,22,17
1392,23,18
1393,22,19
1394,22,18
1395,21,19
1396,22,19
1397,22,19
1398,22,19
1399,22,19
1400,23,19
1401,22,19
1402,22,19
1403,23,20
1404,21,20
1405,23,19
1406,22,20
1407,22,20
1408,22,19
1409,22,20
1410,23,20
1411,22,20
1412,21,20
1413,22,20
1414,23,20
1415,22,20
1416,22,21
1417,22,21
1418,22,20
1419,22,21
1420,22,21
1421,22,20
1422,22,21
1423,22,22
1424,22,21
1425,22,21
1426,21,22
1427,21,21
1428,22,21
1429,21,22
1430,22,22
1431,22,21
1432,22,22
1433,22,22
1434,21,22
1435,22,22
1436,22,22
1437,23,22
1438,22,22
1439,23,22
1440,21,23
1441,22,22
1442,22,23
1443,22,23
1444,22,22
1445,22,23
1446,22,23
1447,22,23
1448,22,23
1449,22,23
1450,21,23
1451,22,23
1452,22,24
1453,22,23
1454,22,23
1455,21,25
1456,22,24
1457,22,23
1458,23,24
1459,21,24
1460,22,23
1461,22,24
1462,22,25
1463,22,24
1464,22,24
1465,22,24
1466,22,25
1467,22,24
1468,22,24
1469,23,25
1470,23,23
1471,22,25
1472,22,25
1473,22,24
1474,22,25
1475,22,25
1476,22,25
1477,22,25
1478,23,25
1479,22,25
1480,22,25
1481,22,26
1482,23,25
1483,22,25
1484,22,26
1485,23,26
1486,22,25
1487,22,26
1488,21,26
1489,22,25
1490,22,25
1491,22,26
1492,22,26
1493,22,26
1494,22,26
1495,22,26
1496,22,26
1497,22,26
1498,22,26
1499,22,25
1500,22,26
1501,23,26
1502,22,26
1503,21,26
1504,22,26
1505,22,26
1506,22,26
1507,22,27
1508,22,26
1509,23,25
1510,22,27
1511,22,26
1512,22,26
1513,22,26
1514,23,26
1515,22,26
1516,22,26
1517,23,27
1518,23,27
1519,21,26
1520,23,26
1521,22,27
1522,22,26
1523,22,26
1524,22,27
1525,22,26
1526,22,26
1527,22,26
1528,22,26
1529,23,26
1530,23,27
1531,22,26
1532,22,26
1533,23,26
1534,22,26
1535,22,26
1536,22,26
1537,22,26
1538,22,26
1539,22,26
1540,22,26
1541,22,26
1542,23,26
1543,22,26
1544,22,26
1545,22,26
1546,22,26
1547,22,26
1548,22,26
1549,23,26
1550,22,27
1551,23,26
1552,23,26
1553,23,26
1554,22,26
1555,23,26
1556,23,27
1557,22,26
1558,23,26
1559,23,27
1560,23,26
1561,23,26
1562,23,26
1563,23,27
1564,22,26
1565,23,26
1566,23,26
1567,22,26
1568,22,26
1569,23,26
1570,22,26
1571,23,26
1572,22,26
1573,22,26
1574,23,25
1575,22,25
1576,23,25
1577,23,26
1578,22,25
1579,23,26
1580,23,25
1581,22,25
1582,23,25
1583,23,26
1584,22,25
1585,23,26
1586,22,26
1587,22,25
1588,23,25
1589,23,26
1590,22,25
1591,23,25
1592,23,25
1593,21,26
1594,23,25
1595,22,25
1596,22,25
1597,22,25
1598,22,25
1599,23,25
1600,23,25
1601,22,25
1602,22,25
1603,22,25
1604,23,24
1605,22,25
1606,23,25
1607,22,24
1608,23,25
1609,22,25
1610,22,24
1611,22,25
1612,23,25
1613,23,24
1614,22,24
1615,22,25
1616,22,24
1617,22,25
1618,23,24
1619,23,25
1620,22,24
1621,22,24
1622,22,24
1623,22,24
1624,22,24
1625,23,25
1626,22,24
1627,23,24
1628,22,25
1629,23,24
1630,22,24
1631,22,24
1632,22,24
1633,22,23
1634,22,24
1635,22,23
1636,22,23
1637,22,24
1638,22,24
1639,23,23
1640,23,24
1641,22,24
1642,23,24
1643,22,23
1644,23,24
1645,22,24
1646,22,23
1647,22,23
1648,23,23
1649,22,22
1650,22,24
1651,23,23
1652,22,23
1653,23,23
1654,22,23
1655,22,23
1656,22,23
1657,22,22
1658,23,23
1659,22,22
1660,22,23
1661,23,23
1662,22,23
1663,22,23
1664,22,23
1665,22,22
1666,23,23
1667,22,23
1668,22,22
1669,22,22
1670,22,23
1671,22,23
1672,22,23
1673,22,22
1674,23,23
1675,22,23
1676,22,22
1677,22,23
1678,23,22
1679,22,22
1680,22,23
1681,23,22
1682,22,22
1683,22,22
1684,22,22
1685,23,22
1686,22,22
1687,23,22
1688,23,22
1689,22,23
1690,23,22
1691,22,22
1692,21,23
1693,22,23
1694,23,22
1695,22,22
1696,22,22
1697,22,22
1698,22,22
1699,22,22
1700,22,22
1701,22,22
1702,22,23
1703,22,23
1704,22,22
1705,22,22
1706,22,22
1707,23,22
1708,22,22
1709,23,22
1710,22,23
1711,22,21
1712,22,22
1713,22,22
1714,23,21
1715,23,22
1716,22,22
1717,23,22
1718,22,22
1719,23,22
1720,22,22
1721,23,22
1722,22,23
1723,22,22
1724,22,22
1725,22,22
1726,22,22
1727,22,22
1728,22,22
1729,23,23
1730,22,22
1731,22,22
1732,22,22
1733,23,22
1734,22,22
1735,22,22
1736,22,22
1737,22,22
1738,22,22
1739,22,22
1740,22,22
1741,21,21
1742,22,22
1743,22,22
1744,22,22
1745,22,22
1746,22,22
1747,22,22
1748,21,22
1749,22,23
1750,23,22
1751,21,22
1752,22,23
1753,22,22
1754,22,22
1755,22,22
1756,22,22
1757,22,22
1758,22,23
1759,22,22
1760,22,23
1761,22,22
1762,22,22
1763,22,23
1764,21,22
1765,22,22
1766,22,23
1767,22,22
1768,22,22
1769,22,22
1770,22,22
1771,22,23
1772,22,22
1773,22,22
1774,22,22
1775,22,23
1776,21,22
1777,22,22
1778,22,22
1779,23,23
1780,23,22
1781,23,23
1782,23,22
1783,22,22
1784,22,23
1785,22,23
1786,22,22
1787,22,22
1788,22,23
1789,22,22
1790,23,23
1791,22,23
1792,22,23
1793,22,22
1794,22,23
1795,22,23
1796,22,22
1797,22,22
1798,22,23
1799,23,22
1800,21,22
1801,22,23
1802,21,22
1803,21,23
1804,22,23
1805,23,23
1806,22,23
1807,22,23
1808,22,23
1809,22,22
1810,21,23
1811,21,23
1812,22,23
1813,22,23
1814,22,23
1815,22,23
1816,22,23
1817,22,23
1818,22,23
1819,23,22
1820,23,23
1821,22,23
1822,22,23
1823,22,23
1824,23,23
1825,23,23
1826,22,24
1827,22,23
1828,22,23
1829,22,23
1830,22,23
1831,22,24
1832,22,22
1833,22,23
1834,22,23
1835,21,23
1836,21,23
1837,22,23
1838,22,23
1839,21,23
1840,22,23
1841,23,23
1842,22,23
1843,22,23
1844,22,23
1845,22,23
1846,22,23
1847,22,24
1848,21,22
1849,23,23
1850,22,24
1851,21,23
1852,22,23
1853,22,24
1854,22,23
1855,22,23
1856,22,23
1857,22,23
1858,22,23
1859,22,24
1860,21,24
1861,22,23
1862,22,23
1863,22,23
1864,22,23
1865,22,23
1866,22,24
1867,22,23
1868,22,23
1869,22,23
1870,22,23
1871,22,23
1872,22,24
1873,21,23
1874,22,23
1875,22,24
1876,22,24
1877,22,23
1878,22,23
1879,22,23
1880,22,23
1881,22,23
1882,21,24
1883,22,24
1884,21,23
1885,22,23
1886,22,24
1887,22,23
1888,22,23
1889,22,23
1890,22,23
1891,22,24
1892,22,24
1893,22,23
1894,22,23
1895,22,24
1896,22,23
1897,22,23
1898,22,23
1899,22,24
1900,22,23
1901,22,23
1902,23,24
1903,22,23
1904,22,24
1905,21,24
1906,22,24
1907,22,23
1908,22,24
1909,21,23
1910,22,23
1911,22,23
1912,22,23
1913,22,23
1914,21,23
1915,22,24
1916,22,23
1917,22,23
1918,22,24
1919,21,24
1920,22,23
1921,22,24
1922,22,24
1923,22,24
1924,22,23
1925,22,24
1926,23,23
1927,22,23
1928,22,24
1929,22,23
1930,21,24
1931,21,23
1932,22,24
1933,22,23
1934,22,24
1935,22,24
1936,22,23
1937,21,23
1938,22,24
1939,21,23
1940,23,24
1941,21,24
1942,22,23
1943,21,23
1944,22,24
1945,22,23
1946,22,23
1947,21,23
1948,22,24
1949,22,23
1950,22,23
1951,22,23
1952,22,23
1953,22,23
1954,22,23
1955,21,24
1956,22,23
1957,22,24
1958,22,24
1959,22,23
1960,22,24
1961,21,24
1962,22,24
1963,21,24
1964,22,23
1965,22,23
1966,21,23
1967,22,24
1968,22,24
1969,22,23
1970,21,23
1971,21,23
1972,21,23
1973,22,24
1974,22,24
1975,21,23
1976,23,23
1977,21,23
1978,22,23
1979,22,23
1980,22,24
1981,21,24
1982,21,23
1983,22,23
1984,21,23
1985,22,23
1986,21,23
1987,22,23
1988,21,23
1989,22,23
1990,22,23
1991,22,23
1992,22,23
1993,22,23
1994,22,23
1995,22,23
1996,21,23
1997,22,23
1998,22,23
1999,22,23
2000,22,23
2001,22,23
2002,22,23
2003,22,24
2004,22,23
2005,22,23
2006,22,23
2007,22,23
2008,22,23
2009,22,24
2010,22,24
2011,22,23
2012,22,23
2013,22,24
2014,22,23
2015,21,23
2016,22,24
2017,21,23
2018,21,23
2019,21,23
2020,21,24
2021,22,22
2022,22,23
2023,22,23
2024,22,23
2025,22,23
2026,22,23
2027,22,22
2028,21,23
2029,22,23
2030,21,22
2031,21,23
2032,21,23
2033,21,23
2034,22,23
2035,21,23
2036,22,23
2037,21,23
2038,21,23
2039,22,23
2040,21,22
2041,22,22
2042,21,23
2043,21,23
2044,22,23
2045,22,23
2046,22,23
2047,22,23
2048,22,23
2049,22,23
2050,22,23
2051,21,23
2052,22,23
2053,22,23
2054,22,22
2055,22,23
2056,22,23
2057,22,23
2058,21,24
2059,22,23
2060,22,23
2061,21,23
2062,22,23
2063,22,23
2064,22,23
2065,21,23
2066,22,23
2067,22,23
2068,21,23
2069,22,23
2070,22,23
2071,22,23
2072,21,23
2073,22,22
2074,22,23
2075,21,23
2076,21,23
2077,22,23
2078,22,23
2079,21,22
2080,21,23
2081,21,23
2082,22,22
2083,22,23
2084,21,23
2085,22,22
2086,21,23
2087,21,23
2088,21,23
2089,22,23
2090,22,22
2091,21,23
2092,22,23
2093,22,22
2094,21,23
2095,23,23
2096,21,22
2097,22,23
2098,21,23
2099,21,23
2100,22,23
2101,21,23
2102,22,22
2103,22,23
2104,21,23
2105,21,23
2106,21,23
2107,21,23
2108,21,23
2109,21,22
2110,22,23
2111,22,23
2112,22,23
2113,22,23
2114,22,24
2115,22,22
2116,22,23
2117,22,23
2118,22,23
2119,21,23
2120,21,22
2121,22,23
2122,21,23
2123,22,24
2124,22,23
2125,21,22
2126,22,23
2127,21,22
2128,22,22
2129,21,22
2130,21,23
2131,21,22
2132,21,22
2133,22,23
2134,22,23
2135,22,22
2136,21,23
2137,21,23
2138,22,23
2139,22,23
2140,22,23
2141,23,23
2142,22,22
2143,22,23
2144,21,23
2145,21,22
2146,22,23
2147,21,23
2148,22,23
2149,21,23
2150,21,23
2151,23,23
2152,22,23
2153,21,23
2154,22,22
2155,22,22
2156,21,23
2157,22,23
2158,22,23
2159,22,23
2160,22,23
2161,22,22
2162,22,23
2163,21,23
2164,22,22
2165,22,22
2166,21,23
2167,21,23
2168,22,23
2169,22,23
2170,22,23
2171,21,23
2172,22,23
2173,22,23
2174,22,23
2175,22,23
2176,21,23
2177,22,23
2178,22,23
2179,22,23
2180,22,23
2181,22,23
2182,21,23
2183,21,22
2184,21,22
2185,21,23
2186,21,23
2187,21,23
2188,22,23
2189,21,23
2190,22,22
2191,22,23
2192,21,23
2193,21,23
2194,21,23
2195,21,24
2196,22,23
2197,22,22
2198,21,23
2199,22,23
2200,21,22
2201,21,23
2202,22,23
2203,21,23
2204,22,23
2205,22,23
2206,22,23
2207,21,23
2208,22,23
2209,22,23
2210,22,22
2211,22,23
2212,22,23
2213,21,22
2214,21,23
2215,21,23
2216,21,23
2217,21,23
2218,22,23
2219,21,22
2220,22,23
2221,22,23
2222,22,23
2223,22,23
2224,22,23
2225,21,23
2226,21,23
2227,21,22
2228,22,23
2229,22,23
2230,21,23
2231,22,23
2232,22,23
2233,21,22
2234,22,23
2235,22,23
2236,22,23
2237,21,23
2238,21,23
2239,22,22
2240,21,23
2241,21,23
2242,22,23
2243,22,23
2244,21,23
2245,21,23
2246,21,23
2247,21,23
2248,22,23
2249,22,23
2250,21,23
2251,21,23
2252,22,23
2253,22,24
2254,21,23
2255,22,23
2256,21,23
2257,22,23
2258,21,23
2259,22,23
2260,22,23
2261,21,23
2262,22,23
2263,22,23
2264,22,23
2265,21,23
2266,22,23
2267,21,23
2268,22,23
2269,21,23
2270,21,24
2271,21,23
2272,21,23
2273,21,23
2274,22,23
2275,22,23
2276,22,23
2277,22,23
2278,22,23
2279,22,23
2280,22,23
2281,21,23
2282,22,23
2283,21,23
2284,22,23
2285,21,23
2286,22,23
2287,21,23
2288,22,23
2289,22,23
2290,21,23
2291,21,23
2292,21,23
2293,21,23
2294,21,22
2295,21,23
2296,21,23
2297,22,23
2298,22,23
2299,21,23
2300,21,23
2301,21,22
2302,22,23
2303,22,23
2304,21,22
2305,21,22
2306,21,23
2307,21,23
2308,22,23
2309,21,23
2310,22,23
2311,22,23
2312,21,23
2313,21,23
2314,21,23
2315,22,23
2316,22,23
2317,22,23
2318,21,22
2319,22,24
2320,22,23
2321,22,23
2322,21,23
2323,22,23
2324,22,22
2325,21,23
2326,22,23
2327,22,22
2328,21,23
2329,21,23
2330,21,22
2331,22,23
2332,22,23
2333,21,23
2334,21,23
2335,22,23
2336,22,23
2337,21,23
2338,22,23
2339,21,23
2340,22,23
2341,22,24
2342,21,23
2343,22,23
2344,21,23
2345,22,23
2346,21,23
2347,21,23
2348,21,23
2349,22,23
2350,21,23
2351,21,23
2352,22,23
2353,22,23
2354,22,23
2355,23,23
2356,21,23
2357,21,23
2358,22,23
2359,22,23
2360,22,23
2361,21,23
2362,21,23
2363,22,23
2364,21,23
2365,22,23
2366,22,23
2367,22,23
2368,21,23
2369,21,23
2370,22,23
2371,21,23
2372,22,23
2373,22,23
2374,21,23
2375,22,23
2376,22,23
2377,22,23
2378,22,23
2379,21,23
2380,22,23
2381,22,23
2382,22,23
2383,22,23
2384,22,23
2385,21,23
2386,21,23
2387,22,23
2388,21,23
2389,22,23
2390,22,23
2391,22,23
2392,21,23
2393,22,23
2394,21,23
2395,21,23
2396,21,23
2397,21,23
2398,21,23
2399,22,23
2400,21,23
2401,21,23
2402,21,23
2403,21,23
2404,22,23
2405,22,22
2406,21,23
2407,22,23
2408,22,23
2409,22,23
2410,22,23
2411,21,23
2412,22,22
2413,21,23
2414,22,23
2415,22,23
2416,22,23
2417,21,23
2418,22,23
2419,21,23
2420,21,23
2421,21,23
2422,22,23
2423,22,23
2424,22,23
2425,21,23
2426,22,23
2427,22,22
2428,22,23
2429,22,23
2430,22,23
2431,21,23
2432,21,23
2433,22,24
2434,22,23
2435,22,23
2436,21,23
2437,22,23
2438,21,22
2439,22,23
2440,22,23
2441,21,23
2442,22,22
2443,22,23
2444,21,23
2445,22,23
2446,21,23
2447,22,23
2448,21,23
2449,21,23
2450,21,23
2451,21,23
2452,22,23
2453,22,23
2454,21,23
2455,21,22
2456,22,23
2457,21,23
2458,22,23
2459,22,23
2460,21,23
2461,21,22
2462,21,23
2463,21,23
2464,21,23
2465,22,23
2466,22,23
2467,21,23
2468,22,23
2469,21,23
2470,21,23
2471,21,22
2472,22,23
2473,22,23
2474,21,23
2475,21,23
2476,22,23
2477,21,23
2478,21,23
2479,22,23
2480,21,22
2481,21,23
2482,22,23
2483,21,23
2484,22,22
2485,21,23
2486,21,23
2487,21,23
2488,21,23
2489,22,23
2490,22,23
2491,22,23
2492,21,23
2493,21,22
2494,21,23
2495,22,23
2496,22,22
2497,22,23
2498,21,23
2499,22,23
2500,21,23
2501,23,23
2502,23,23
2503,22,23
2504,22,22
2505,21,23
2506,21,23
2507,21,22
2508,22,23
2509,22,23
2510,22,23
2511,22,23
2512,21,23
2513,-28,22
2514,-29,23
2515,-29,23
2516,-28,23
2517,-28,22
2518,-28,22
2519,-28,22
2520,-27,22
2521,-28,23
2522,-28,22
2523,-27,22
2524,-27,22
2525,-27,22
2526,-28,22
2527,-27,21
2528,-28,21
2529,-27,20
2530,-27,21
2531,-27,21
2532,-28,20
2533,-27,20
2534,-27,20
2535,-28,19
2536,-27,19
2537,-27,18
2538,-27,19
2539,-27,18
2540,-27,18
2541,-27,18
2542,-27,17
2543,-27,16
2544,-27,17
2545,-27,15
2546,-27,15
2547,-27,15
2548,-27,14
2549,-27,14
2550,-26,14
2551,-26,14
2552,-27,13
2553,-27,12
2554,-27,12
2555,-27,11
2556,-27,10
2557,-26,11
2558,-27,10
2559,-26,10
2560,-27,10
2561,-27,9
2562,-27,8
2563,-27,8
2564,-26,7
2565,-26,7
2566,-26,7
2567,-26,5
2568,-26,5
2569,-27,4
2570,-26,4
2571,-26,4
2572,-27,3
2573,-26,3
2574,-27,3
2575,-26,1
2576,-27,1
2577,-26,0
2578,-27,-1
2579,-27,-1
2580,-26,-1
2581,-26,-3
2582,-27,-3
2583,-27,-3
2584,-27,-4
2585,-26,-5
2586,-26,-5
2587,-26,-6
2588,-26,-6
2589,-26,-7
2590,-26,-7
2591,-27,-8
2592,-27,-8
2593,-25,-9
2594,-27,-10
2595,-25,-10
2596,-27,-10
2597,-25,-12
2598,-27,-12
2599,-27,-12
2600,-26,-13
2601,-26,-14
2602,-27,-14
2603,-26,-15
2604,-26,-15
2605,-26,-16
2606,-26,-16
2607,-26,-17
2608,-26,-18
2609,-27,-18
2610,-26,-18
2611,-26,-20
2612,-26,-19
2613,-26,-20
2614,-26,-21
2615,-26,-21
2616,-27,-21
2617,-26,-23
2618,-26,-23
2619,-26,-23
2620,-27,-24
2621,-26,-25
2622,-26,-25
2623,-27,-25
2624,-26,-26
2625,-27,-27
2626,-27,-27
2627,-27,-28
2628,-26,-28
2629,-26,-28
2630,-27,-30
2631,-27,-29
2632,-27,-29
2633,-26,-31
2634,-27,-31
2635,-27,-30
2636,-27,-32
2637,-27,-33
2638,-27,-32
2639,-27,-33
2640,-27,-33
2641,-27,-34
2642,-27,-34
2643,-27,-34
2644,-27,-36
2645,-27,-35
2646,-27,-35
2647,-27,-37
2648,-27,-36
2649,-27,-36
2650,-27,-37
2651,-27,-37
2652,-27,-38
2653,-27,-39
2654,-27,-38
2655,-27,-39
2656,-27,-39
2657,-27,-39
2658,-27,-40
2659,-27,-41
2660,-27,-41
2661,-27,-41
2662,-28,-41
2663,-27,-42
2664,-27,-41
2665,-27,-41
2666,-27,-42
2667,-28,-42
2668,-27,-43
2669,-27,-43
2670,-28,-43
2671,-27,-43
2672,-27,-44
2673,-28,-43
2674,-27,-44
2675,-27,-45
2676,-27,-44
2677,-27,-45
2678,-27,-44
2679,-28,-45
2680,-28,-46
2681,-28,-45
2682,-28,-45
2683,-28,-46
2684,-27,-46
2685,-28,-46
2686,-28,-46
2687,-28,-46
2688,-28,-46
2689,-27,-46
2690,-28,-47
2691,-27,-46
2692,-27,-46
2693,-28,-47
2694,-28,-47
2695,-28,-47
2696,-28,-47
2697,-28,-47
2698,-28,-47
2699,-28,-47
2700,-28,-46
2701,-28,-47
2702,-28,-47
2703,-28,-47
2704,-28,-47
2705,-29,-48
2706,-29,-46
2707,-28,-47
2708,-28,-47
2709,-29,-48
2710,-29,-47
2711,-28,-47
2712,-29,-48
2713,-29,-47
2714,-28,-47
2715,-29,-47
2716,-29,-47
2717,-28,-47
2718,-29,-47
2719,-29,-47
2720,-28,-46
2721,-29,-47
2722,-29,-47
2723,-29,-47
2724,-29,-47
2725,-29,-46
2726,-29,-46
2727,-29,-46
2728,-29,-45
2729,-29,-46
2730,-29,-46
2731,-29,-45
2732,-29,-46
2733,-29,-45
2734,-29,-46
2735,-29,-44
2736,-29,-45
2737,-29,-45
2738,-29,-45
2739,-29,-44
2740,-29,-44
2741,-29,-44
2742,-29,-44
2743,-29,-44
2744,-29,-44
2745,-29,-44
2746,-29,-43
2747,-29,-44
2748,-29,-43
2749,-30,-42
2750,-29,-43
2751,-29,-43
2752,-29,-42
2753,-29,-42
2754,-29,-42
2755,-29,-41
2756,-29,-41
2757,-30,-42
2758,-29,-41
2759,-29,-41
2760,-30,-41
2761,-29,-41
2762,-30,-40
2763,-29,-40
2764,-29,-40
2765,-29,-39
2766,-29,-39
2767,-29,-40
2768,-29,-39
2769,-29,-38
2770,-29,-39
2771,-29,-39
2772,-29,-38
2773,-29,-39
2774,-29,-38
2775,-29,-38
2776,-29,-37
2777,-29,-37
2778,-29,-37
2779,-29,-36
2780,-30,-36
2781,-29,-37
2782,-29,-36
2783,-29,-36
2784,-29,-36
2785,-29,-35
2786,-29,-35
2787,-29,-35
2788,-29,-35
2789,-29,-34
2790,-29,-34
2791,-29,-34
2792,-29,-34
2793,-29,-34
2794,-28,-33
2795,-29,-33
2796,-29,-33
2797,-29,-32
2798,-29,-32
2799,-29,-32
2800,-29,-32
2801,-29,-32
2802,-29,-31
2803,-29,-31
2804,-29,-31
2805,-29,-30
2806,-29,-31
2807,-29,-31
2808,-30,-30
2809,-29,-30
2810,-29,-30
2811,-29,-30
2812,-29,-29
2813,-30,-29
2814,-30,-29
2815,-29,-28
2816,-29,-29
2817,-30,-29
2818,-29,-28
2819,-29,-29
2820,-29,-28
2821,-29,-27
2822,-30,-28
2823,-29,-27
2824,-29,-26
2825,-29,-27
2826,-29,-27
2827,-30,-26
2828,-29,-26
2829,-29,-26
2830,-29,-26
2831,-29,-25
2832,-30,-25
2833,-29,-26
2834,-29,-25
2835,-29,-25
2836,-29,-25
2837,-30,-24
2838,-29,-25
2839,-29,-25
2840,-29,-24
2841,-29,-24
2842,-29,-24
2843,-29,-24
2844,-29,-23
2845,-29,-24
2846,-29,-24
2847,-30,-23
2848,-29,-23
2849,-29,-23
2850,-29,-22
2851,-29,-22
2852,-29,-23
2853,-29,-22
2854,-29,-22
2855,-29,-23
2856,-29,-21
2857,-29,-22
2858,-29,-22
2859,-29,-22
2860,-30,-21
2861,-29,-22
2862,-29,-22
2863,-28,-21
2864,-28,-21
2865,-28,-21
2866,-28,-21
2867,-29,-21
2868,-29,-21
2869,-29,-21
2870,-28,-20
2871,-29,-21
2872,-29,-21
2873,-29,-21
2874,-29,-21
2875,-29,-21
2876,-28,-20
2877,-28,-21
2878,-28,-21
2879,-29,-20
2880,-29,-20
2881,-29,-21
2882,-28,-20
2883,-29,-20
2884,-28,-20
2885,-28,-20
2886,-28,-20
2887,-29,-20
2888,-29,-20
2889,-28,-19
2890,-28,-19
2891,-28,-20
2892,-27,-19
2893,-28,-20
2894,-28,-20
2895,-29,-19
2896,-27,-19
2897,-29,-19
2898,-28,-19
2899,-28,-20
2900,-28,-20
2901,-28,-20
2902,-28,-20
2903,-27,-19
2904,-28,-20
2905,-28,-20
2906,-28,-20
2907,-27,-20
2908,-29,-20
2909,-28,-19
2910,-28,-20
2911,-28,-20
2912,-27,-20
2913,-28,-20
2914,-28,-20
2915,-28,-20
2916,-28,-20
2917,-28,-20
2918,-28,-20
2919,-29,-20
2920,-28,-20
2921,-28,-21
2922,-27,-20
2923,-28,-20
2924,-28,-20
2925,-27,-20
2926,-29,-21
2927,-28,-21
2928,-27,-20
2929,-28,-21
2930,-28,-21
2931,-28,-20
2932,-28,-20
2933,-28,-20
2934,-28,-21
2935,-28,-21
2936,-28,-21
2937,-28,-21
2938,-28,-21
2939,-27,-21
2940,-28,-21
2941,-28,-21
2942,-28,-21
2943,-28,-21
2944,-27,-21
2945,-28,-21
2946,-28,-21
2947,-27,-21
2948,-27,-21
2949,-27,-22
2950,-28,-22
2951,-27,-22
2952,-28,-22
2953,-28,-22
2954,-28,-22
2955,-28,-22
2956,-28,-22
2957,-28,-23
2958,-28,-23
2959,-28,-22
2960,-28,-23
2961,-28,-22
2962,-28,-23
2963,-28,-23
2964,-28,-23
2965,-27,-23
2966,-28,-23
2967,-27,-23
2968,-28,-23
2969,-27,-24
2970,-28,-23
2971,-27,-23
2972,-28,-24
2973,-28,-24
2974,-28,-24
2975,-28,-24
2976,-27,-24
2977,-27,-23
2978,-28,-25
2979,-27,-25
2980,-28,-23
2981,-28,-25
2982,-28,-25
2983,-28,-25
2984,-28,-25
2985,-28,-25
2986,-27,-25
2987,-28,-25
2988,-27,-25
2989,-28,-26
2990,-28,-25
2991,-29,-25
2992,-28,-26
2993,-28,-26
2994,-27,-25
2995,-27,-26
2996,-27,-26
2997,-28,-26
2998,-28,-27
2999,-28,-26
3000,-28,-26
3001,-28,-26
3002,-27,-27
3003,-28,-26
3004,-28,-26
3005,-27,-27
3006,-28,-26
3007,-27,-26
3008,-28,-27
3009,-27,-27
3010,-28,-26
3011,-28,-27
3012,-28,-28
3013,-28,-26
3014,-28,-28
3015,-27,-27
3016,-28,-27
3017,-28,-28
3018,-28,-28
3019,-28,-28
3020,-27,-27
3021,-28,-28
3022,-28,-28
3023,-28,-28
3024,-28,-28
3025,-28,-28
3026,-28,-28
3027,-27,-28
3028,-27,-29
3029,-28,-28
3030,-28,-28
3031,-28,-29
3032,-28,-28
3033,-28,-28
3034,-28,-29
3035,-28,-29
3036,-27,-29
3037,-28,-29
3038,-27,-29
3039,-27,-29
3040,-27,-28
3041,-27,-29
3042,-28,-29
3043,-28,-29
3044,-28,-30
3045,-28,-29
3046,-28,-29
3047,-28,-29
3048,-28,-30
3049,-28,-29
3050,-28,-30
3051,-28,-29
3052,-28,-30
3053,-27,-30
3054,-28,-30
3055,-28,-30
3056,-28,-30
3057,-28,-30
3058,-28,-30
3059,-27,-30
3060,-27,-29
3061,-28,-30
3062,-28,-30
3063,-28,-29
3064,-28,-31
3065,-28,-30
3066,-28,-30
3067,-28,-30
3068,-28,-30
3069,-28,-30
3070,-28,-30
3071,-28,-30
3072,-28,-30
3073,-29,-30
3074,-28,-30
3075,-28,-30
3076,-28,-30
3077,-28,-31
3078,-28,-30
3079,-28,-30
3080,-27,-31
3081,-29,-30
3082,-28,-30
3083,-28,-30
3084,-28,-30
3085,-28,-30
3086,-28,-31
3087,-28,-31
3088,-28,-30
3089,-28,-31
3090,-27,-30
3091,-28,-31
3092,-28,-31
3093,-28,-31
3094,-27,-30
3095,-27,-30
3096,-29,-31
3097,-28,-30
3098,-28,-30
3099,-28,-31
3100,-28,-31
3101,-29,-31
3102,-28,-30
3103,-28,-31
3104,-28,-30
3105,-28,-30
3106,-28,-30
3107,-28,-30
3108,-29,-30
3109,-28,-30
3110,-28,-30
3111,-28,-30
3112,-27,-29
3113,-28,-30
3114,-28,-30
3115,-28,-30
3116,-28,-30
3117,-29,-29
3118,-28,-30
3119,-28,-30
3120,-28,-30
3121,-28,-30
3122,-28,-30
3123,-28,-30
3124,-28,-29
3125,-29,-30
3126,-28,-31
3127,-29,-30
3128,-28,-30
3129,-29,-30
3130,-28,-30
3131,-29,-30
3132,-29,-30
3133,-28,-30
3134,-28,-29
3135,-28,-30
3136,-28,-30
3137,-28,-29
3138,-29,-29
3139,-28,-30
3140,-28,-29
3141,-28,-29
3142,-28,-29
3143,-28,-30
3144,-29,-29
3145,-28,-29
3146,-28,-29
3147,-29,-29
3148,-27,-30
3149,-28,-29
3150,-28,-29
3151,-28,-29
3152,-29,-29
3153,-29,-29
3154,-28,-29
3155,-27,-29
3156,-29,-29
3157,-28,-29
3158,-29,-29
3159,-28,-29
3160,-28,-29
3161,-29,-29
3162,-28,-30
3163,-28,-28
3164,-28,-29
3165,-29,-29
3166,-27,-28
3167,-28,-28
3168,-27,-29
3169,-28,-28
3170,-28,-29
3171,-28,-29
3172,-29,-29
3173,-28,-28
3174,-28,-29
3175,-28,-28
3176,-28,-29
3177,-28,-28
3178,-28,-28
3179,-28,-28
3180,-28,-28
3181,-27,-29
3182,-28,-28
3183,-29,-28
3184,-29,-29
3185,-28,-29
3186,-29,-28
3187,-28,-28
3188,-28,-28
3189,-28,-28
3190,-29,-28
3191,-28,-29
3192,-28,-28
3193,-29,-28
3194,-28,-28
3195,-28,-28
3196,-27,-28
3197,-29,-28
3198,-28,-28
3199,-29,-28
3200,-28,-28
3201,-28,-28
3202,-28,-27
3203,-29,-28
3204,-28,-28
3205,-27,-27
3206,-28,-28
3207,-28,-28
3208,-29,-26
3209,-28,-27
3210,-28,-27
3211,-28,-27
3212,-28,-27
3213,-27,-28
3214,-28,-27
3215,-29,-28
3216,-28,-27
3217,-28,-28
3218,-28,-27
3219,-28,-27
3220,-28,-27
3221,-28,-27
3222,-27,-27
3223,-28,-27
3224,-28,-27
3225,-28,-27
3226,-28,-27
3227,-29,-27
3228,-28,-26
3229,-28,-27
3230,-28,-27
3231,-27,-27
3232,-28,-26
3233,-28,-27
3234,-28,-27
3235,-28,-26
3236,-28,-27
3237,-28,-27
3238,-28,-26
3239,-27,-27
3240,-28,-27
3241,-28,-26
3242,-27,-26
3243,-28,-26
3244,-29,-26
3245,-27,-27
3246,-29,-27
3247,-28,-27
3248,-28,-26
3249,-28,-27
3250,-28,-27
3251,-28,-26
3252,-28,-26
3253,-28,-26
3254,-28,-26
3255,-28,-26
3256,-28,-26
3257,-27,-25
3258,-28,-26
3259,-29,-26
3260,-28,-26
3261,-28,-26
3262,-28,-27
3263,-28,-26
3264,-28,-27
3265,-28,-26
3266,-29,-27
3267,-28,-26
3268,-28,-26
3269,-28,-27
3270,-28,-26
3271,-28,-25
3272,-28,-27
3273,-28,-26
3274,-27,-26
3275,-28,-27
3276,-28,-26
3277,-27,-26
3278,-28,-26
3279,-28,-26
3280,-27,-26
3281,-29,-26
3282,-27,-26
3283,-28,-26
3284,-27,-26
3285,-28,-27
3286,-27,-26
3287,-28,-26
3288,-28,-26
3289,-28,-26
3290,-27,-26
3291,-29,-26
3292,-28,-26
3293,-28,-26
3294,-27,-26
3295,-28,-26
3296,-28,-26
3297,-27,-26
3298,-28,-26
3299,-27,-26
3300,-27,-26
3301,-29,-26
3302,-28,-26
3303,-28,-26
3304,-28,-26
3305,-27,-26
3306,-27,-25
3307,-27,-26
3308,-28,-27
3309,-28,-26
3310,-27,-26
3311,-28,-26
3312,-28,-26
3313,-28,-26
3314,-28,-26
3315,-27,-26
3316,-28,-26
3317,-28,-26
3318,-27,-26
3319,-27,-27
3320,-27,-26
3321,-28,-26
3322,-27,-26
3323,-28,-26
3324,-28,-27
3325,-28,-27
3326,-28,-26
3327,-28,-26
3328,-27,-27
3329,-28,-26
3330,-28,-26
3331,-28,-27
3332,-28,-26
3333,-28,-26
3334,-27,-27
3335,-27,-27
3336,-28,-26
3337,-28,-26
3338,-28,-27
3339,-27,-26
3340,-28,-27
3341,-27,-27
3342,-28,-26
3343,-27,-26
3344,-27,-27
3345,-27,-26
3346,-28,-26
3347,-27,-26
3348,-28,-26
3349,-27,-27
3350,-28,-26
3351,-28,-26
3352,-28,-26
3353,-28,-26
3354,-27,-27
3355,-28,-26
3356,-28,-26
3357,-27,-27
3358,-28,-27
3359,-27,-26
3360,-27,-26
3361,-28,-27
3362,-27,-26
3363,-27,-27
3364,-28,-26
3365,-28,-26
3366,-28,-27
3367,-27,-27
3368,-27,-27
3369,-27,-27
3370,-27,-28
3371,-27,-27
3372,-27,-26
3373,-28,-27
3374,-27,-27
3375,-28,-27
3376,-28,-27
3377,-27,-27
3378,-28,-27
3379,-27,-27
3380,-28,-28
3381,-28,-26
3382,-28,-27
3383,-28,-26
3384,-28,-27
3385,-27,-26
3386,-27,-27
3387,-28,-28
3388,-28,-27
3389,-27,-27
3390,-28,-27
3391,-27,-26
3392,-27,-27
3393,-27,-27
3394,-27,-26
3395,-28,-28
3396,-28,-27
3397,-27,-26
3398,-28,-27
3399,-27,-28
3400,-28,-27
3401,-28,-27
3402,-28,-27
3403,-28,-28
3404,-27,-27
3405,-28,-27
3406,-27,-28
3407,-28,-28
3408,-27,-27
3409,-28,-28
3410,-27,-28
3411,-28,-27
3412,-28,-28
3413,-28,-27
3414,-28,-27
3415,-27,-27
3416,-28,-27
3417,-27,-28
3418,-28,-28
3419,-27,-27
3420,-27,-27
3421,-27,-27
3422,-28,-28
3423,-28,-27
3424,-27,-27
3425,-27,-28
3426,-27,-28
3427,-28,-27
3428,-27,-28
3429,-28,-28
3430,-28,-27
3431,-27,-28
3432,-27,-28
3433,-28,-27
3434,-27,-27
3435,-28,-28
3436,-28,-28
3437,-28,-27
3438,-27,-28
3439,-28,-28
3440,-28,-27
3441,-27,-27
3442,-28,-28
3443,-28,-27
3444,-28,-27
3445,-27,-28
3446,-28,-27
3447,-27,-28
3448,-28,-28
3449,-28,-28
3450,-27,-28
3451,-27,-28
3452,-28,-27
3453,-27,-28
3454,-28,-28
3455,-28,-28
3456,-28,-28
3457,-28,-28
3458,-28,-28
3459,-28,-28
3460,-28,-28
3461,-28,-28
3462,-27,-28
3463,-28,-27
3464,-27,-28
3465,-27,-27
3466,-27,-28
3467,-28,-28
3468,-28,-28
3469,-27,-28
3470,-28,-28
3471,-28,-27
3472,-28,-28
3473,-27,-27
3474,-29,-28
3475,-27,-28
3476,-27,-28
3477,-28,-28
3478,-27,-28
3479,-27,-27
3480,-28,-28
3481,-27,-28
3482,-28,-27
3483,-28,-27
3484,-27,-28
3485,-27,-28
3486,-29,-28
3487,-27,-27
3488,-27,-28
3489,-27,-28
3490,-27,-28
3491,-27,-27
3492,-28,-28
3493,-28,-27
3494,-28,-28
3495,-27,-28
3496,-28,-27
3497,-27,-28
3498,-28,-28
3499,-28,-27
3500,-27,-28
3501,-28,-28
3502,-28,-28
3503,-27,-28
3504,-27,-28
3505,-28,-27
3506,-27,-28
3507,-27,-28
3508,-27,-28
3509,-27,-29
3510,-27,-28
3511,-27,-28
3512,-28,-27
3513,-28,-28
3514,-27,-28
3515,-27,-27
3516,-27,-27
3517,-28,-28
3518,-27,-27
3519,-27,-28
3520,-27,-28
3521,-27,-27
3522,-28,-28
3523,-27,-27
3524,-27,-28
3525,-28,-27
3526,-28,-28
3527,-27,-28
3528,-27,-27
3529,-27,-27
3530,-27,-28
3531,-27,-27
3532,-28,-28
3533,-28,-28
3534,-27,-27
3535,-28,-27
3536,-27,-28
3537,-28,-27
3538,-28,-28
3539,-28,-27
3540,-28,-28
3541,-28,-27
3542,-28,-28
3543,-28,-28
3544,-28,-27
3545,-27,-28
3546,-27,-28
3547,-28,-28
3548,-28,-27
3549,-27,-28
3550,-28,-28
3551,-28,-27
3552,-28,-28
3553,-27,-27
3554,-27,-28
3555,-28,-28
3556,-28,-27
3557,-27,-27
3558,-27,-27
3559,-27,-27
3560,-28,-27
3561,-27,-27
3562,-28,-28
3563,-28,-28
3564,-27,-26
3565,-27,-28
3566,-27,-28
3567,-27,-27
3568,-27,-27
3569,-27,-28
3570,-28,-27
3571,-28,-27
3572,-27,-27
3573,-28,-27
3574,-28,-27
3575,-28,-27
3576,-27,-27
3577,-27,-27
3578,-28,-27
3579,-27,-27
3580,-27,-26
3581,-27,-27
3582,-27,-27
3583,-28,-27
3584,-27,-27
3585,-27,-27
3586,-28,-27
3587,-27,-27
3588,-27,-27
3589,-28,-27
3590,-27,-27
3591,-28,-27
3592,-28,-27
3593,-28,-27
3594,-27,-27
3595,-28,-27
3596,-28,-26
3597,-28,-27
3598,-28,-27
3599,-28,-27
3600,-28,-26
3601,-27,-27
3602,-27,-27
3603,-28,-26
3604,-28,-27
3605,-27,-27
3606,-28,-27
3607,-28,-27
3608,-27,-27
3609,-28,-27
3610,-27,-27
3611,-27,-27
3612,-27,-27
3613,-27,-27
3614,-28,-27
3615,-28,-27
3616,-28,-26
3617,-27,-27
3618,-27,-27
3619,-27,-27
3620,-28,-26
3621,-28,-27
3622,-27,-27
3623,-27,-26
3624,-27,-27
3625,-27,-27
3626,-27,-27
3627,-28,-26
3628,-27,-27
3629,-27,-26
3630,-27,-27
3631,-28,-27
3632,-27,-26
3633,-27,-26
3634,-27,-27
3635,-27,-27
3636,-27,-26
3637,-27,-27
3638,-27,-26
3639,-27,-26
3640,-28,-27
3641,-27,-27
3642,-27,-26
3643,-27,-28
3644,-27,-27
3645,-27,-26
3646,-27,-27
3647,-28,-27
3648,-27,-27
3649,-27,-27
3650,-27,-28
3651,-27,-28
3652,-27,-26
3653,-27,-27
3654,-28,-28
3655,-27,-27
3656,-27,-27
3657,-28,-27
3658,-27,-27
3659,-28,-26
3660,-27,-27
3661,-27,-27
3662,-27,-26
3663,-27,-27
3664,-28,-27
3665,-27,-26
3666,-28,-27
3667,-27,-27
3668,-27,-26
3669,-28,-26
3670,-27,-27
3671,-27,-26
3672,-27,-27
3673,-27,-27
3674,-27,-26
3675,-27,-26
3676,-28,-26
3677,-28,-28
3678,-27,-26
3679,-27,-27
3680,-27,-27
3681,-27,-26
3682,-28,-27
3683,-27,-27
3684,-27,-27
3685,-27,-27
3686,-27,-27
3687,-28,-27
3688,-27,-26
3689,-28,-28
3690,-28,-27
3691,-27,-27
3692,-27,-27
3693,-27,-26
3694,-27,-26
3695,-27,-27
3696,-27,-27
3697,-27,-26
3698,-27,-27
3699,-28,-27
3700,-27,-27
3701,-27,-27
3702,-27,-26
3703,-27,-27
3704,-27,-26
3705,-27,-27
3706,-28,-27
3707,-28,-26
3708,-28,-27
3709,-27,-27
3710,-27,-26
3711,-27,-27
3712,-27,-27
3713,-28,-27
3714,-28,-27
3715,-27,-27
3716,-28,-27
3717,-27,-26
3718,-28,-27
3719,-28,-27
3720,-27,-26
3721,-27,-26
3722,-27,-27
3723,-27,-26
3724,-27,-27
3725,-28,-28
3726,-27,-27
3727,-27,-27
3728,-27,-27
3729,-28,-26
3730,-27,-26
3731,-27,-27
3732,-27,-28
3733,-27,-27
3734,-28,-27
3735,-27,-28
3736,-27,-27
3737,-28,-27
3738,-27,-27
3739,-27,-27
3740,-28,-26
3741,-27,-27
3742,-27,-27
3743,-27,-26
3744,-28,-28
3745,-27,-26
3746,-27,-27
3747,-27,-27
3748,-28,-27
3749,-28,-27
3750,-27,-27
3751,-27,-27
3752,-27,-27
3753,-28,-26
3754,-27,-27
3755,-28,-28
3756,-27,-26
3757,-27,-27
3758,-27,-28
3759,-27,-26
3760,-27,-26
3761,-27,-27
3762,-27,-27
3763,-27,-26
3764,-28,-27
3765,-28,-27
3766,-27,-26
3767,-28,-27
3768,-27,-27
3769,-27,-27
3770,-28,-27
3771,-27,-27
3772,-27,-27
3773,-27,-26
3774,-27,-27
3775,-27,-27
3776,-27,-26
3777,-28,-27
3778,-27,-27
3779,-27,-27
3780,-27,-27
3781,-27,-27
3782,-28,-27
3783,-27,-27
3784,-27,-27
3785,-27,-27
3786,-27,-27
3787,-27,-27
3788,-27,-27
3789,-27,-27
3790,-28,-28
3791,-27,-27
3792,-27,-26
3793,-27,-27
3794,-27,-27
3795,-27,-27
3796,-27,-27
3797,-27,-28
3798,-27,-26
3799,-27,-27
3800,-27,-27
3801,-27,-27
3802,-28,-27
3803,-27,-27
3804,-28,-27
3805,-27,-27
3806,-27,-27
3807,-27,-28
3808,-27,-26
3809,-27,-27
3810,-28,-27
3811,-27,-26
3812,-27,-26
3813,-27,-27
3814,-28,-27
3815,-27,-27
3816,-27,-26
3817,-27,-28
3818,-27,-27
3819,-27,-27
3820,-27,-27
3821,-27,-27
3822,-27,-27
3823,-27,-27
3824,-27,-27
3825,-27,-27
3826,-27,-27
3827,-27,-26
3828,-27,-26
3829,-27,-27
3830,-27,-27
3831,-27,-26
3832,-27,-27
3833,-27,-27
3834,-27,-27
3835,-27,-28
3836,-27,-27
3837,-27,-27
3838,-28,-27
3839,-27,-28
3840,-28,-27
3841,-27,-27
3842,-27,-27
3843,-27,-27
3844,-27,-27
3845,-28,-27
3846,-27,-27
3847,-27,-26
3848,-27,-27
3849,-28,-27
3850,-27,-27
3851,-27,-27
3852,-28,-27
3853,-27,-27
3854,-27,-27
3855,-27,-27
3856,-27,-27
3857,-28,-27
3858,-27,-27
3859,-27,-27
3860,-27,-27
3861,-27,-27
3862,-27,-28
3863,-27,-27
3864,-27,-27
3865,-27,-27
3866,-28,-26
3867,-27,-27
3868,-27,-27
3869,-27,-27
3870,-27,-27
3871,-27,-27
3872,-28,-28
3873,-27,-27
3874,-27,-27
3875,-27,-27
3876,-28,-27
3877,-27,-27
3878,-27,-27
3879,-27,-27
3880,-27,-27
3881,-28,-27
3882,-27,-27
3883,-28,-27
3884,-28,-27
3885,-28,-27
3886,-28,-27
3887,-27,-26
3888,-27,-28
3889,-28,-28
3890,-27,-27
3891,-27,-27
3892,-28,-27
3893,-27,-26
3894,-28,-27
3895,-27,-27
3896,-27,-27
3897,-27,-27
3898,-27,-27
3899,-27,-27
3900,-27,-27
3901,-28,-27
3902,-27,-27
3903,-28,-28
3904,-27,-27
3905,-28,-27
3906,-28,-27
3907,-28,-27
3908,-27,-27
3909,-28,-26
3910,-28,-27
3911,-27,-27
3912,-28,-27
3913,-28,-26
3914,-27,-28
3915,-27,-27
3916,-27,-27
3917,-27,-27
3918,-28,-27
3919,-27,-26
3920,-27,-27
3921,-27,-27
3922,-27,-27
3923,-27,-26
3924,-27,-27
3925,-27,-27
3926,-27,-27
3927,-27,-28
3928,-28,-28
3929,-27,-27
3930,-27,-28
3931,-28,-28
3932,-27,-27
3933,-27,-27
3934,-28,-27
3935,-28,-27
3936,-28,-27
3937,-28,-26
3938,-28,-27
3939,-27,-27
3940,-27,-27
3941,-28,-28
3942,-27,-27
3943,-27,-27
3944,-27,-27
3945,-27,-26
3946,-27,-27
3947,-28,-27
3948,-27,-26
3949,-27,-26
3950,-27,-27
3951,-27,-26
3952,-27,-27
3953,-27,-27
3954,-27,-26
3955,-28,-27
3956,-28,-27
3957,-27,-28
3958,-27,-27
3959,-28,-27
3960,-28,-27
3961,-28,-27
3962,-28,-27
3963,-27,-28
3964,-27,-27
3965,-27,-26
3966,-27,-27
3967,-27,-26
3968,-27,-26
3969,-28,-27
3970,-27,-27
3971,-27,-26
3972,-28,-28
3973,-28,-27
3974,-27,-27
3975,-27,-27
3976,-28,-27
3977,-28,-26
3978,-28,-26
3979,-27,-27
3980,-27,-26
3981,-27,-26
3982,-27,-27
3983,-27,-28
3984,-27,-26
3985,-27,-27
3986,-27,-27
3987,-28,-26
3988,-27,-27
3989,-28,-28
3990,-27,-27
3991,-28,-27
3992,-27,-26
3993,-28,-27
3994,-28,-26
3995,-28,-27
3996,-27,-27
3997,-29,-27
3998,-28,-27
3999,-27,-27
4000,-28,-26
